City_ID,City,Country,Date,Lat,Lng,Max Temp,Humidity,Cloudiness,Wind Speed
0,Rikitea,PF,2020-07-02 21:01:49,-23.12,-134.97,70.61,69,0,22.01
1,Ribeira Grande,PT,2020-07-02 21:01:49,38.52,-28.7,69.8,68,20,4.7
2,Qaanaaq,GL,2020-07-02 21:01:49,77.48,-69.36,43.95,65,83,3.8
3,Matara,LK,2020-07-02 21:01:50,5.95,80.54,78.91,86,100,9.13
4,Busselton,AU,2020-07-02 21:00:22,-33.65,115.33,42.01,78,0,7.72
5,Oktyabrskiy,RU,2020-07-02 21:01:17,54.48,53.47,56.1,88,90,2.91
6,Albany,US,2020-07-02 21:01:49,42.6,-73.97,91.0,59,66,5.5
7,Boralday,KZ,2020-07-02 21:01:51,43.36,76.86,64.4,63,40,6.24
8,Cape Town,ZA,2020-07-02 21:01:51,-33.93,18.42,55.0,93,6,8.05
9,Bengkulu,ID,2020-07-02 21:01:26,-3.8,102.27,77.38,83,99,3.38
10,Kapaa,US,2020-07-02 20:59:43,22.08,-159.32,84.0,65,20,12.75
11,Vaitape,PF,2020-07-02 21:01:52,-16.52,-151.75,81.16,79,52,22.17
12,Dikson,RU,2020-07-02 21:01:53,73.51,80.55,44.91,77,21,9.73
13,Katsuura,JP,2020-07-02 21:01:53,35.13,140.3,75.2,83,75,6.93
14,Estevan,CA,2020-07-02 21:00:55,49.13,-102.98,78.01,64,75,9.17
15,Praia,CV,2020-07-02 20:58:46,14.92,-23.51,78.8,74,75,11.41
16,Hithadhoo,MV,2020-07-02 21:00:39,-0.6,73.08,84.06,66,99,2.91
17,Torbay,CA,2020-07-02 21:01:55,47.67,-52.73,55.99,100,90,6.93
18,Alekseyevka,RU,2020-07-02 21:01:55,50.63,38.69,65.79,68,0,2.93
19,Ponta Do Sol,PT,2020-07-02 21:01:55,32.67,-17.1,71.6,68,20,14.99
20,Spirit River,CA,2020-07-02 21:01:55,55.78,-118.84,64.0,87,75,6.93
21,Longyearbyen,SJ,2020-07-02 21:01:56,78.22,15.64,42.8,75,75,16.11
22,Cabo San Lucas,MX,2020-07-02 20:59:49,22.89,-109.91,86.0,74,40,11.41
23,Chapada Dos Guimaraes,BR,2020-07-02 21:01:56,-15.46,-55.75,84.2,32,3,6.93
24,Carnarvon,AU,2020-07-02 21:01:56,-24.87,113.63,57.2,67,0,6.93
25,Pevek,RU,2020-07-02 21:01:57,69.7,170.31,40.44,94,100,7.63
26,Shingu,JP,2020-07-02 21:01:57,33.73,135.98,69.44,72,100,2.08
27,Barrow,US,2020-07-02 21:01:57,71.29,-156.79,42.8,81,40,14.99
28,Bredasdorp,ZA,2020-07-02 21:01:58,-34.53,20.04,59.0,77,16,8.05
29,Orlik,RU,2020-07-02 21:01:58,52.52,99.83,52.57,74,0,1.99
30,Tessalit,ML,2020-07-02 21:01:58,20.2,1.01,96.78,9,0,11.36
31,Belyy Yar,RU,2020-07-02 21:01:58,53.6,91.39,64.4,93,40,11.18
32,Debre Sina,ET,2020-07-02 21:01:59,9.85,39.77,58.69,74,46,2.64
33,Ushuaia,AR,2020-07-02 21:01:59,-54.8,-68.3,30.2,92,40,4.7
34,Hermanus,ZA,2020-07-02 21:01:59,-34.42,19.23,55.0,91,61,6.78
35,Souillac,MU,2020-07-02 21:02:00,-20.52,57.52,69.8,83,75,8.05
36,Port Alfred,ZA,2020-07-02 21:02:00,-33.59,26.89,63.0,75,2,10.0
37,Punta Arenas,CL,2020-07-02 21:02:00,-53.15,-70.92,32.0,94,90,3.36
38,Suifenhe,CN,2020-07-02 21:02:00,44.4,131.17,60.66,100,93,1.45
39,Severo-Kurilsk,RU,2020-07-02 21:02:01,50.68,156.12,46.4,88,89,8.77
40,Puerto Ayora,EC,2020-07-02 21:02:01,-0.74,-90.35,78.8,61,20,24.16
41,Olafsvik,IS,2020-07-02 21:02:02,64.89,-23.71,54.27,68,0,9.15
42,Gazli,UZ,2020-07-02 21:02:02,40.13,63.45,69.58,23,41,12.53
43,Vaini,TO,2020-07-02 21:02:02,-21.2,-175.2,69.8,68,40,6.93
44,Avarua,CK,2020-07-02 21:02:03,-21.21,-159.78,78.8,78,44,4.7
45,Weinan,CN,2020-07-02 21:02:03,34.5,109.51,78.01,94,4,2.24
46,Rio Grande,BR,2020-07-02 21:02:03,-32.03,-52.1,51.8,66,75,8.05
47,Talnakh,RU,2020-07-02 21:02:03,69.49,88.4,51.8,76,0,6.71
48,New Norfolk,AU,2020-07-02 21:02:04,-42.78,147.06,43.0,91,65,6.08
49,Altay,CN,2020-07-02 21:02:04,47.87,88.12,61.83,42,0,6.49
50,Evensk,RU,2020-07-02 21:02:04,61.95,159.23,53.89,58,27,2.98
51,Upernavik,GL,2020-07-02 21:02:05,72.79,-56.15,39.06,80,14,10.76
52,Khatanga,RU,2020-07-02 21:02:05,71.97,102.5,58.78,61,73,11.03
53,Verkhnyaya Inta,RU,2020-07-02 21:02:05,65.98,60.31,56.53,67,95,7.25
54,Hamilton,US,2020-07-02 21:02:06,39.18,-84.53,90.0,40,20,4.7
55,Cap Malheureux,MU,2020-07-02 21:02:06,-19.98,57.61,68.0,83,18,7.0
56,Vila,PT,2020-07-02 21:02:07,42.03,-8.16,60.01,69,27,4.0
57,Coquimbo,CL,2020-07-02 21:02:07,-29.95,-71.34,62.6,72,1,11.41
58,Fortuna,US,2020-07-02 21:02:07,40.6,-124.16,68.0,72,1,13.87
59,Castro,BR,2020-07-02 21:02:07,-24.79,-50.01,46.17,79,4,2.37
60,Saint-Philippe,RE,2020-07-02 21:02:08,-21.36,55.77,68.0,72,75,8.05
61,Hobart,AU,2020-07-02 21:00:04,-42.88,147.33,44.6,65,40,14.99
62,Sao Joao Da Barra,BR,2020-07-02 21:02:08,-21.64,-41.05,71.6,68,90,13.87
63,Cockburn Town,TC,2020-07-02 21:02:08,21.46,-71.14,87.8,66,40,13.87
64,Touros,BR,2020-07-02 21:02:09,-5.2,-35.46,78.8,83,75,9.17
65,Grand-Santi,GF,2020-07-02 21:02:09,4.25,-54.38,77.45,94,99,3.71
66,Solnechnyy,RU,2020-07-02 21:02:09,50.72,136.63,60.6,63,21,3.15
67,Esperance,AU,2020-07-02 21:02:10,-33.87,121.9,44.6,100,11,5.82
68,Vardo,NO,2020-07-02 21:02:10,70.37,31.11,50.0,71,40,14.99
69,Mataura,NZ,2020-07-02 21:02:10,-46.19,168.86,31.39,95,3,2.08
70,Norden,DE,2020-07-02 21:02:11,53.6,7.2,59.0,82,67,5.82
71,Husavik,IS,2020-07-02 21:02:11,66.04,-17.34,53.6,58,92,10.29
72,Sola,VU,2020-07-02 21:02:11,-13.88,167.55,77.74,82,97,26.31
73,Butaritari,KI,2020-07-02 21:02:12,3.07,172.79,80.98,71,65,6.46
74,Fergus Falls,US,2020-07-02 21:02:12,46.28,-96.08,87.8,58,1,12.75
75,Taoudenni,ML,2020-07-02 21:02:12,22.68,-3.98,101.89,8,5,7.94
76,Harindanga,IN,2020-07-02 21:02:12,22.04,88.32,82.4,94,40,6.93
77,Hilo,US,2020-07-02 21:00:00,19.73,-155.09,82.4,61,90,9.17
78,Verkhnevilyuysk,RU,2020-07-02 21:02:14,63.45,120.32,60.53,57,83,9.19
79,Miles City,US,2020-07-02 21:02:15,46.41,-105.84,86.0,32,32,4.0
80,Tuktoyaktuk,CA,2020-07-02 21:02:15,69.45,-133.04,41.0,93,90,11.41
81,Fort Saint James,CA,2020-07-02 21:02:15,54.43,-124.25,52.16,93,100,3.71
82,Victoria,HK,2020-07-02 21:00:52,22.29,114.16,82.0,83,100,4.0
83,Lebu,CL,2020-07-02 21:02:16,-37.62,-73.65,51.13,77,83,2.68
84,Manzanillo,CU,2020-07-02 21:00:13,20.34,-77.12,85.96,72,61,6.85
85,Nuuk,GL,2020-07-02 21:00:11,64.18,-51.72,53.6,58,75,9.17
86,Autun,FR,2020-07-02 21:02:17,46.95,4.3,64.4,63,67,2.24
87,Dingle,PH,2020-07-02 21:02:18,11.0,122.67,76.73,82,55,2.57
88,Lengshuijiang,CN,2020-07-02 21:02:18,27.69,111.43,76.01,93,100,2.55
89,Vigrestad,NO,2020-07-02 21:02:18,58.57,5.7,51.8,71,75,14.99
90,Cidreira,BR,2020-07-02 21:02:19,-30.18,-50.21,49.28,72,0,10.85
91,Nikolskoye,RU,2020-07-02 21:02:19,59.7,30.79,62.6,72,79,4.47
92,Nurota,UZ,2020-07-02 21:02:19,40.56,65.69,71.6,27,28,16.11
93,Athabasca,CA,2020-07-02 20:59:35,54.72,-113.29,61.18,82,91,7.38
94,Jalu,LY,2020-07-02 21:02:20,29.03,21.55,81.54,40,0,16.46
95,Benguela,AO,2020-07-02 21:02:20,-12.58,13.41,68.2,87,7,3.31
96,Powell River,CA,2020-07-02 21:00:06,49.85,-124.54,66.2,62,75,9.17
97,Nantucket,US,2020-07-02 21:02:21,41.28,-70.1,78.01,83,20,10.29
98,Back Mountain,US,2020-07-02 21:00:58,41.34,-76.0,89.01,41,35,5.01
99,Comodoro Rivadavia,AR,2020-07-02 21:00:28,-45.87,-67.5,48.2,76,75,8.05
100,Hasaki,JP,2020-07-02 21:02:22,35.73,140.83,70.0,94,75,1.12
101,Bluff,NZ,2020-07-02 21:02:22,-46.6,168.33,36.93,81,4,6.53
102,Noumea,NC,2020-07-02 20:57:38,-22.28,166.46,64.99,82,46,3.36
103,Lac Du Bonnet,CA,2020-07-02 21:02:23,50.25,-96.06,90.0,34,0,8.01
104,Honningsvag,NO,2020-07-02 21:02:23,70.98,25.97,42.8,81,75,12.75
105,Atuona,PF,2020-07-02 21:02:24,-9.8,-139.03,80.71,77,6,24.27
106,Lata,PT,2020-07-02 21:02:24,40.16,-8.33,63.0,73,0,3.0
107,Fray Bentos,UY,2020-07-02 21:02:24,-33.13,-58.3,50.0,72,68,1.99
108,Yellowknife,CA,2020-07-02 21:02:25,62.46,-114.35,59.0,82,90,16.11
109,Pindushi,RU,2020-07-02 21:02:25,62.92,34.58,52.41,74,17,2.89
110,Aklavik,CA,2020-07-02 21:02:25,68.22,-135.01,46.4,81,90,8.05
111,La Ronge,CA,2020-07-02 21:02:25,55.1,-105.28,66.2,88,75,11.41
112,Codrington,AU,2020-07-02 21:02:26,-38.27,141.97,47.07,92,100,12.97
113,Verkh-Suetka,RU,2020-07-02 21:02:26,53.3,80.05,58.93,97,13,2.68
114,Lukiv,UA,2020-07-02 21:02:26,51.05,25.4,70.0,98,100,1.01
115,Sabirabad,AZ,2020-07-02 21:02:27,40.01,48.48,71.6,60,40,4.7
116,Lubango,AO,2020-07-02 21:02:27,-14.92,13.49,56.68,38,0,5.53
117,Strezhevoy,RU,2020-07-02 21:02:27,60.73,77.59,60.8,87,90,6.71
118,Vanimo,PG,2020-07-02 21:02:27,-2.67,141.3,77.25,82,38,7.0
119,Grindavik,IS,2020-07-02 21:02:28,63.84,-22.43,53.6,71,20,12.75
120,Nargana,PA,2020-07-02 21:02:28,9.44,-78.59,83.01,80,88,11.41
121,Fallon,US,2020-07-02 20:58:40,39.47,-118.78,84.0,11,20,5.82
122,Tiksi,RU,2020-07-02 21:02:29,71.69,128.87,36.32,85,1,13.06
123,Austintown,US,2020-07-02 20:59:51,41.1,-80.76,88.0,40,20,10.29
124,Mount Gambier,AU,2020-07-02 21:01:32,-37.83,140.77,46.4,93,75,10.29
125,Asosa,ET,2020-07-02 21:02:30,10.07,34.53,61.5,99,93,4.29
126,Massakory,TD,2020-07-02 21:02:30,13.0,15.73,91.47,30,0,4.18
127,Port Lincoln,AU,2020-07-02 21:02:30,-34.73,135.87,54.7,79,10,16.98
128,Nome,US,2020-07-02 21:02:31,64.5,-165.41,50.0,93,90,16.11
129,Barbastro,ES,2020-07-02 21:02:31,42.04,0.13,75.2,53,17,13.87
130,Mazagao,BR,2020-07-02 21:00:59,-0.12,-51.29,86.0,79,40,5.82
131,Kaitangata,NZ,2020-07-02 21:02:32,-46.28,169.85,39.0,85,4,3.51
132,Namatanai,PG,2020-07-02 21:02:32,-3.67,152.43,79.39,81,75,7.52
133,Kuusamo,FI,2020-07-02 21:02:32,65.97,29.18,48.2,70,0,2.24
134,Mar Del Plata,AR,2020-07-02 21:02:15,-38.0,-57.56,50.0,81,90,3.36
135,Mahebourg,MU,2020-07-02 21:02:33,-20.41,57.7,69.8,83,75,8.05
136,Umm Lajj,SA,2020-07-02 21:02:33,25.02,37.27,79.99,64,0,3.09
137,Abu Samrah,SY,2020-07-02 21:02:34,35.3,37.18,81.81,42,0,5.41
138,Sao Filipe,CV,2020-07-02 21:02:34,14.9,-24.5,75.15,82,99,7.65
139,Foumbot,CM,2020-07-02 21:02:34,5.51,10.64,65.7,91,89,2.21
140,Bethel,US,2020-07-02 21:02:34,41.37,-73.41,91.0,48,1,8.05
141,Chabahar,IR,2020-07-02 21:02:35,25.29,60.64,87.08,77,0,2.93
142,Luderitz,NA,2020-07-02 21:02:35,-26.65,15.16,55.4,87,0,4.7
143,Lorengau,PG,2020-07-02 21:02:35,-2.02,147.27,81.88,76,0,8.7
144,Cherskiy,RU,2020-07-02 21:02:36,68.75,161.3,41.68,88,100,5.48
145,Yenagoa,NG,2020-07-02 21:02:36,4.92,6.26,75.4,94,100,4.41
146,Kodiak,US,2020-07-02 21:02:36,57.79,-152.41,60.8,67,1,5.82
147,Alta Floresta,BR,2020-07-02 21:02:37,-9.88,-56.09,89.6,49,20,2.24
148,Westerland,DE,2020-07-02 21:02:37,54.91,8.3,59.0,67,88,8.05
149,Ormara,PK,2020-07-02 21:02:38,25.21,64.64,86.31,77,29,5.41
150,Usinsk,RU,2020-07-02 21:02:38,65.99,57.53,56.53,68,100,8.77
151,Lompoc,US,2020-07-02 21:00:47,34.64,-120.46,68.0,68,25,13.87
152,Caravelas,BR,2020-07-02 21:02:39,-17.71,-39.25,73.11,85,18,4.43
153,Ibra,OM,2020-07-02 21:02:39,22.69,58.53,81.91,69,0,5.23
154,Banda Aceh,ID,2020-07-02 21:02:39,5.56,95.32,79.29,82,44,9.1
155,San Cristobal,VE,2020-07-02 21:02:40,7.77,-72.22,78.8,74,75,19.46
156,Klaksvik,FO,2020-07-02 21:02:40,62.23,-6.59,44.6,81,100,8.05
157,Dingli,MT,2020-07-02 21:02:41,35.86,14.38,75.2,83,20,12.75
158,Airai,TL,2020-07-02 21:02:41,-8.93,125.41,53.38,97,35,3.87
159,Lagoa,PT,2020-07-02 21:02:41,39.05,-27.98,67.33,76,0,7.94
160,Chara,RU,2020-07-02 21:02:41,56.91,118.26,67.62,59,54,1.39
161,Morondava,MG,2020-07-02 21:02:42,-20.28,44.28,71.35,71,0,9.42
162,Jamestown,US,2020-07-02 21:00:49,42.1,-79.24,84.0,48,1,10.29
163,Olinda,BR,2020-07-02 21:02:43,-8.01,-34.86,80.6,74,20,6.93
164,Saskylakh,RU,2020-07-02 21:02:43,71.92,114.08,49.44,74,98,10.96
165,Buala,SB,2020-07-02 21:02:43,-8.14,159.59,79.81,81,97,7.34
166,Ballina,AU,2020-07-02 21:02:43,-28.87,153.57,55.99,100,75,6.91
167,Brezno,SK,2020-07-02 21:02:44,48.8,19.64,62.01,73,41,1.01
168,Kavieng,PG,2020-07-02 21:02:44,-2.57,150.8,81.93,72,12,6.4
169,Russell,US,2020-07-02 21:02:44,32.35,-85.2,89.6,59,40,3.36
170,Paranagua,BR,2020-07-02 21:00:23,-25.52,-48.51,55.4,54,32,6.93
171,Port Hedland,AU,2020-07-02 21:02:45,-20.32,118.57,71.6,30,92,11.41
172,Yanam,IN,2020-07-02 21:02:45,16.73,82.22,81.63,82,100,6.82
173,Port Hardy,CA,2020-07-02 21:02:46,50.7,-127.42,62.6,55,75,11.41
174,Aswan,EG,2020-07-02 21:02:46,24.09,32.91,86.34,15,0,9.1
175,Bardiyah,LY,2020-07-02 21:02:46,31.76,25.09,73.69,87,0,12.55
176,Kununurra,AU,2020-07-02 21:02:47,-15.77,128.73,62.6,52,0,6.51
177,Torres,BR,2020-07-02 21:02:47,-29.34,-49.73,51.93,65,0,10.22
178,Qandala,SO,2020-07-02 21:02:47,11.47,49.87,92.16,46,19,9.48
179,Lazaro Cardenas,MX,2020-07-02 20:59:53,17.96,-102.2,87.3,56,97,9.55
180,Bambous Virieux,MU,2020-07-02 21:02:48,-20.34,57.76,69.8,83,75,8.05
181,Grahamstown,ZA,2020-07-02 21:02:48,-33.3,26.53,63.0,75,4,8.01
182,Banjar,ID,2020-07-02 21:02:49,-8.19,114.97,77.0,94,75,3.36
183,Rio Gallegos,AR,2020-07-02 20:58:19,-51.62,-69.22,32.0,96,90,2.24
184,Georgetown,MY,2020-07-02 21:00:15,5.41,100.34,82.0,94,40,1.32
185,Bitburg,DE,2020-07-02 21:02:50,49.97,6.53,59.0,82,75,6.93
186,Uhlove,UA,2020-07-02 21:02:50,44.82,33.6,74.79,76,0,2.84
187,Chapais,CA,2020-07-02 21:02:50,49.78,-74.85,78.8,41,1,10.29
188,Deputatskiy,RU,2020-07-02 21:02:50,69.3,139.9,45.55,67,96,11.36
189,Jackson,US,2020-07-02 21:02:35,42.42,-122.83,81.0,22,1,9.17
190,Kavaratti,IN,2020-07-02 21:02:51,10.57,72.64,83.57,77,100,20.24
191,Hambantota,LK,2020-07-02 21:02:51,6.12,81.12,81.0,80,100,15.64
192,Batticaloa,LK,2020-07-02 21:02:52,7.71,81.69,81.46,76,100,0.27
193,Kaeo,NZ,2020-07-02 21:02:52,-35.1,173.78,46.0,87,0,1.99
194,Clyde River,CA,2020-07-02 21:02:52,70.47,-68.59,53.6,66,20,17.22
195,Opuwo,NA,2020-07-02 21:02:52,-18.06,13.84,60.01,39,0,10.11
196,Thompson,CA,2020-07-02 21:02:53,55.74,-97.86,75.2,69,20,4.7
197,Arraial Do Cabo,BR,2020-07-02 21:00:32,-22.97,-42.03,69.8,68,75,4.7
198,Yelizovo,RU,2020-07-02 21:02:53,53.19,158.38,51.8,100,20,2.24
199,Chokurdakh,RU,2020-07-02 21:02:54,70.63,147.92,39.15,81,100,16.82
200,Nizhniy Kuranakh,RU,2020-07-02 21:02:54,58.84,125.49,61.92,87,73,4.7
201,Bairnsdale,AU,2020-07-02 21:02:55,-37.83,147.62,37.99,91,17,7.38
202,College,US,2020-07-02 21:02:55,64.86,-147.8,57.2,58,75,1.03
203,Pangkalanbuun,ID,2020-07-02 21:02:55,-2.68,111.62,73.27,98,5,1.59
204,Erdemli,TR,2020-07-02 21:02:55,36.6,34.31,80.94,54,0,5.23
205,Florianopolis,BR,2020-07-02 20:58:54,-27.61,-48.5,59.0,58,40,9.17
206,Beloha,MG,2020-07-02 21:02:56,-25.17,45.05,60.01,84,0,8.46
207,Takoradi,GH,2020-07-02 21:02:56,4.88,-1.76,76.5,87,46,9.24
208,Buchanan,LR,2020-07-02 21:02:57,5.88,-10.05,77.0,94,75,9.51
209,Kahului,US,2020-07-02 21:02:02,20.89,-156.47,87.8,48,40,21.92
210,Khor,RU,2020-07-02 21:02:57,47.89,134.95,55.51,83,35,4.79
211,Azangaro,PE,2020-07-02 21:02:58,-14.92,-70.22,64.4,3,0,3.36
212,Healesville,AU,2020-07-02 21:02:58,-37.65,145.52,45.0,76,74,4.94
213,Makakilo City,US,2020-07-02 21:02:27,21.35,-158.09,84.2,58,75,6.93
214,Kieta,PG,2020-07-02 21:02:58,-6.22,155.63,79.75,72,10,3.15
215,Laguna,US,2020-07-02 21:02:59,38.42,-121.42,87.01,36,1,10.29
216,Nalut,LY,2020-07-02 21:02:05,30.33,10.85,90.52,17,0,14.09
217,Derzhavinsk,KZ,2020-07-02 21:02:59,51.1,66.32,50.99,94,0,9.24
218,Grand Gaube,MU,2020-07-02 21:03:00,-20.01,57.66,68.0,83,26,7.0
219,Akyab,MM,2020-07-02 21:03:00,20.15,92.9,82.49,84,97,5.14
220,Dombas,NO,2020-07-02 21:03:00,62.07,9.12,43.05,74,100,2.15
221,Flinders,AU,2020-07-02 21:03:01,-34.58,150.86,48.99,78,0,1.01
222,Skibbereen,IE,2020-07-02 21:03:01,51.55,-9.27,55.4,76,75,12.75
223,Padang,ID,2020-07-02 21:03:01,-0.95,100.35,78.76,78,76,3.11
224,Alvaraes,BR,2020-07-02 21:03:01,-3.22,-64.8,89.6,66,40,2.24
225,Kumluca,TR,2020-07-02 21:03:02,36.37,30.29,83.35,43,0,5.46
226,Ulaangom,MN,2020-07-02 21:03:02,49.98,92.07,63.16,65,38,2.01
227,Samarai,PG,2020-07-02 21:03:02,-10.62,150.67,76.77,78,51,13.56
228,Hovd,MN,2020-07-02 21:03:03,48.01,91.64,63.23,41,1,6.11
229,Coolum Beach,AU,2020-07-02 21:03:03,-26.53,153.1,54.0,93,7,4.97
230,Goose Creek,US,2020-07-02 21:03:03,32.98,-80.03,91.99,66,75,4.7
231,Waipawa,NZ,2020-07-02 21:03:04,-41.41,175.52,48.2,76,97,9.17
232,Westport,US,2020-07-02 21:03:04,41.14,-73.36,91.0,48,1,10.29
233,Flin Flon,CA,2020-07-02 21:03:04,54.77,-101.86,80.6,39,75,12.75
234,Sydney,AU,2020-07-02 21:00:53,-33.87,151.21,54.0,58,20,12.75
235,Tocopilla,CL,2020-07-02 21:00:10,-22.09,-70.2,65.35,58,21,3.74
236,Manokwari,ID,2020-07-02 21:02:06,-0.87,134.08,79.14,71,100,4.16
237,Talaya,RU,2020-07-02 21:03:05,61.38,152.75,53.08,48,18,1.16
238,Puerto Escondido,MX,2020-07-02 21:03:06,15.85,-97.07,86.0,66,40,6.33
239,Bursa,TR,2020-07-02 21:00:07,40.17,29.08,71.6,73,0,4.03
240,Saint George,US,2020-07-02 21:00:06,37.1,-113.58,96.01,13,1,12.75
241,Sangar,RU,2020-07-02 21:03:07,63.92,127.47,61.38,63,99,16.98
242,Hervey Bay,AU,2020-07-02 21:03:07,-25.3,152.85,55.0,92,0,8.99
243,Apatou,GF,2020-07-02 21:01:04,5.16,-54.35,78.67,94,100,3.09
244,Bilgi,IN,2020-07-02 21:03:08,16.35,75.62,73.47,90,100,17.56
245,Espanola,US,2020-07-02 21:03:08,35.99,-106.08,88.0,11,40,4.7
246,Staryy Nadym,RU,2020-07-02 21:03:08,65.61,72.68,57.18,83,96,7.11
247,Sicuani,PE,2020-07-02 21:03:08,-14.27,-71.23,63.32,22,0,4.03
248,Morgan City,US,2020-07-02 21:03:09,29.7,-91.21,93.0,49,1,9.17
249,Abilene,US,2020-07-02 20:58:41,32.45,-99.73,91.99,59,1,6.93
250,Bathsheba,BB,2020-07-02 21:03:09,13.22,-59.52,86.0,66,40,21.92
251,San Jose De Rio Tinto,HN,2020-07-02 21:03:10,14.93,-85.7,74.55,82,99,3.78
252,Geraldton,AU,2020-07-02 21:03:10,-28.77,114.6,51.8,66,0,10.29
253,Ayan,RU,2020-07-02 21:03:10,56.45,138.17,54.55,82,100,4.14
254,Muscatine,US,2020-07-02 21:03:10,41.47,-91.13,89.6,49,1,8.05
255,Lasa,IT,2020-07-02 21:03:11,46.62,10.7,53.6,100,75,4.7
256,Chateauneuf-Les-Martigues,FR,2020-07-02 21:03:11,43.38,5.17,81.0,65,40,17.22
257,Punta Alta,AR,2020-07-02 21:02:52,-38.88,-62.07,48.96,72,0,8.32
258,Pochutla,MX,2020-07-02 21:03:12,15.74,-96.47,84.2,74,40,10.29
259,La Espigadilla,PA,2020-07-02 21:03:12,7.88,-80.38,84.2,75,40,8.05
260,Port-Gentil,GA,2020-07-02 21:03:12,-0.72,8.78,75.2,88,40,8.05
261,Yulara,AU,2020-07-02 21:03:12,-25.24,130.99,50.0,61,41,10.29
262,Toora-Khem,RU,2020-07-02 21:03:13,52.47,96.11,55.4,82,58,1.61
263,Karpogory,RU,2020-07-02 21:03:13,64.0,44.45,53.29,97,54,4.68
264,Ancud,CL,2020-07-02 21:03:13,-41.87,-73.82,50.0,100,40,12.75
265,Dabola,GN,2020-07-02 21:03:13,10.75,-11.12,73.47,89,88,3.49
266,Scarborough,GB,2020-07-02 21:03:14,54.28,-0.4,54.0,82,85,6.71
267,Santa Rosalia,MX,2020-07-02 21:03:14,27.32,-112.28,86.72,51,7,6.69
268,Yuxia,CN,2020-07-02 21:03:14,34.06,108.63,78.01,94,3,2.24
269,Imeni Poliny Osipenko,RU,2020-07-02 21:03:15,52.42,136.49,54.41,74,2,9.62
270,Mapiripan,CO,2020-07-02 21:03:15,2.89,-72.13,78.85,90,92,7.23
271,Bubaque,GW,2020-07-02 21:03:15,11.28,-15.83,80.19,86,100,11.95
272,Asfi,MA,2020-07-02 21:03:16,32.3,-9.24,71.13,76,20,19.13
273,Sorong,ID,2020-07-02 21:03:16,-0.88,131.25,77.56,83,83,7.45
274,Sri Aman,MY,2020-07-02 21:03:17,1.24,111.46,75.2,94,92,4.7
275,Pakxe,LA,2020-07-02 21:03:17,15.12,105.78,75.36,91,100,2.89
276,Ouro Fino,BR,2020-07-02 21:03:17,-22.28,-46.37,53.19,64,1,2.15
277,Leningradskiy,RU,2020-07-02 21:03:17,69.38,178.42,36.5,94,100,11.72
278,Mbini,GQ,2020-07-02 21:03:18,1.57,9.61,78.8,94,40,9.17
279,Shitanjing,CN,2020-07-02 21:03:18,39.23,106.34,72.36,33,97,0.51
280,Gat,IL,2020-07-02 20:59:02,31.61,34.76,79.0,50,0,1.99
281,Oga,IT,2020-07-02 21:03:19,46.46,10.35,53.6,87,75,4.7
282,Tigil,RU,2020-07-02 21:03:19,57.8,158.67,45.59,92,100,5.39
283,Verkhoyansk,RU,2020-07-02 21:03:19,67.54,133.38,60.4,63,37,4.16
284,San Joaquin,VE,2020-07-02 21:03:19,10.26,-67.79,81.39,70,69,5.88
285,Sibolga,ID,2020-07-02 21:03:20,1.74,98.78,78.21,77,100,3.87
286,Barbosa Ferraz,BR,2020-07-02 21:03:20,-24.03,-52.01,53.71,77,2,1.66
287,Beringovskiy,RU,2020-07-02 21:03:20,63.05,179.32,50.59,55,0,8.52
288,Mayumba,GA,2020-07-02 21:03:20,-3.43,10.66,72.5,90,70,6.71
289,Port Stanley,FK,2020-07-02 20:59:05,-51.7,-57.85,32.0,90,75,4.7
290,Merauke,ID,2020-07-02 21:03:21,-8.47,140.33,76.32,83,48,16.87
291,Outjo,NA,2020-07-02 21:03:21,-20.12,16.15,55.54,37,0,11.1
292,Mitsamiouli,KM,2020-07-02 21:03:22,-11.38,43.28,76.89,70,39,7.7
293,Feijo,BR,2020-07-02 21:03:22,-8.16,-70.35,84.43,66,83,1.3
294,Xuddur,SO,2020-07-02 21:03:22,4.12,43.89,73.56,60,46,20.4
295,Narsaq,GL,2020-07-02 21:03:23,60.92,-46.05,55.4,43,75,4.7
296,Sungurlare,BG,2020-07-02 21:03:23,42.77,26.78,75.2,44,20,9.17
297,Basco,PH,2020-07-02 21:03:23,20.45,121.97,84.15,81,59,13.18
298,Vestmanna,FO,2020-07-02 21:03:23,62.16,-7.17,44.6,81,98,8.05
299,Tonekabon,IR,2020-07-02 21:03:24,36.82,50.87,73.4,73,40,2.24
300,Odweyne,SO,2020-07-02 21:03:24,9.41,45.06,74.86,50,75,15.01
301,Port Elizabeth,ZA,2020-07-02 21:03:24,-33.92,25.57,60.8,72,8,20.8
302,Provideniya,RU,2020-07-02 21:03:25,64.38,-173.3,44.6,93,75,8.95
303,Barcelos,PT,2020-07-02 21:03:25,41.54,-8.62,64.0,72,0,13.87
304,Lensk,RU,2020-07-02 21:03:25,60.73,114.93,61.5,67,83,3.38
305,Terme,TR,2020-07-02 21:03:25,41.21,36.97,69.8,88,4,5.55
306,Chuy,UY,2020-07-02 21:03:26,-33.7,-53.46,47.75,82,82,7.94
307,Pangnirtung,CA,2020-07-02 21:03:26,66.15,-65.71,51.8,71,75,12.75
308,Barcelona,ES,2020-07-02 21:00:58,41.39,2.16,78.01,73,20,6.93
309,Dauphin,CA,2020-07-02 21:02:02,51.15,-100.05,84.2,51,20,21.92
310,Chilca,PE,2020-07-02 21:03:27,-12.52,-76.74,62.6,77,90,6.93
311,Roros,NO,2020-07-02 21:03:27,62.57,11.38,42.8,93,100,8.05
312,Barra Do Garcas,BR,2020-07-02 20:58:51,-15.89,-52.26,87.8,43,78,0.38
313,Bandarbeyla,SO,2020-07-02 21:03:28,9.49,50.81,79.7,70,0,34.96
314,Sinnamary,GF,2020-07-02 21:01:04,5.38,-52.95,81.0,80,53,9.22
315,Koidu,SL,2020-07-02 21:03:29,8.42,-10.83,72.09,96,100,2.08
316,Salekhard,RU,2020-07-02 21:03:29,66.53,66.6,57.16,60,75,4.99
317,Krasnyy Luch,UA,2020-07-02 21:03:29,48.14,38.94,68.43,82,0,7.87
318,Becerril,CO,2020-07-02 21:03:29,9.7,-73.28,87.24,66,100,1.05
319,Segezha,RU,2020-07-02 21:03:30,63.74,34.32,53.13,67,18,3.83
320,Kadaya,RU,2020-07-02 21:03:30,50.93,119.29,61.95,66,22,1.41
321,Krasnoarmeysk,RU,2020-07-02 21:03:30,51.02,45.7,66.72,79,67,5.61
322,Tigzirt,DZ,2020-07-02 21:03:31,36.89,4.12,80.38,37,25,4.61
323,Keningau,MY,2020-07-02 21:03:31,5.34,116.16,75.2,94,20,4.7
324,Havre-Saint-Pierre,CA,2020-07-02 21:03:31,50.23,-63.6,62.6,72,75,6.93
325,Port-Cartier,CA,2020-07-02 21:03:32,50.03,-66.87,64.99,77,75,8.05
326,Shimoda,JP,2020-07-02 21:03:32,34.67,138.95,69.01,77,98,5.3
327,Xiashi,CN,2020-07-02 21:03:32,30.54,120.69,78.01,87,100,1.99
328,Atambua,ID,2020-07-02 21:03:33,-9.11,124.89,66.58,88,4,5.55
329,Darhan,MN,2020-07-02 21:03:33,49.49,105.92,61.5,76,36,1.25
330,Karratha,AU,2020-07-02 21:03:33,-20.74,116.85,72.19,34,59,18.7
331,Adrar,MR,2020-07-02 21:03:34,20.5,-10.07,99.99,13,66,5.37
332,Falakata,IN,2020-07-02 21:03:34,26.52,89.21,78.87,91,100,3.42
333,Bohicon,BJ,2020-07-02 21:03:34,7.18,2.07,73.94,94,85,7.78
334,Turukhansk,RU,2020-07-02 21:03:34,65.82,87.98,61.79,69,76,7.11
335,Katobu,ID,2020-07-02 21:03:35,-4.94,122.53,73.04,92,13,4.05
336,Constitucion,CL,2020-07-02 21:03:35,-35.33,-72.42,54.1,75,76,11.01
337,Corn Island,NI,2020-07-02 21:03:35,12.17,-83.04,82.08,80,100,14.45
338,Xining,CN,2020-07-02 21:03:36,36.62,101.77,53.91,79,100,4.76
339,The Valley,AI,2020-07-02 20:58:46,18.22,-63.06,87.8,66,20,16.11
340,Haines Junction,CA,2020-07-02 21:03:36,60.75,-137.51,71.89,21,0,4.88
341,Djibo,BF,2020-07-02 21:03:37,14.1,-1.63,96.26,30,45,9.1
342,Champerico,GT,2020-07-02 21:00:09,14.3,-91.92,86.0,70,75,9.17
343,Half Moon Bay,US,2020-07-02 21:03:37,37.46,-122.43,72.0,68,5,9.17
344,Chebenki,RU,2020-07-02 21:03:38,51.93,55.71,62.6,55,40,4.47
345,Meulaboh,ID,2020-07-02 21:03:38,4.14,96.13,77.56,87,100,4.92
346,Te Anau,NZ,2020-07-02 21:03:38,-45.42,167.72,34.27,89,33,0.94
347,Veshenskaya,RU,2020-07-02 21:03:39,49.63,41.73,69.28,82,0,5.7
348,Coihaique,CL,2020-07-02 21:03:39,-45.58,-72.07,44.6,81,75,5.82
349,Komsomolskiy,UZ,2020-07-02 21:03:39,40.43,71.72,73.4,31,0,6.93
350,Anchorage,US,2020-07-02 20:59:01,61.22,-149.9,68.0,45,20,3.36
351,Turayf,SA,2020-07-02 21:03:40,31.67,38.66,80.6,18,0,8.05
352,Faanui,PF,2020-07-02 21:03:40,-16.48,-151.75,80.33,81,53,22.17
353,Khani,GE,2020-07-02 21:03:40,41.96,42.96,71.6,88,7,5.82
354,Alugan,PH,2020-07-02 21:03:41,12.22,125.48,80.65,79,4,3.02
355,Quatre Cocos,MU,2020-07-02 21:03:41,-20.21,57.76,69.8,83,75,8.05
356,San Ramon,US,2020-07-02 20:59:27,37.78,-121.98,82.4,30,1,10.29
357,San Andres,CO,2020-07-02 21:00:05,12.58,-81.7,84.2,79,40,12.75
358,Pitimbu,BR,2020-07-02 21:03:42,-7.47,-34.81,78.8,83,40,11.41
359,Ambon,ID,2020-07-02 21:03:42,-3.7,128.18,75.2,94,40,6.93
360,Chulman,RU,2020-07-02 21:03:43,56.85,124.91,59.76,82,100,1.48
361,Ilulissat,GL,2020-07-02 21:03:43,69.22,-51.1,53.6,54,20,4.7
362,Maksatikha,RU,2020-07-02 21:03:44,57.8,35.88,58.84,97,43,4.34
363,Umm Kaddadah,SD,2020-07-02 21:03:44,13.6,26.69,91.45,36,100,12.86
364,Porto Novo,BJ,2020-07-02 21:03:06,6.5,2.6,78.8,88,40,12.75
365,Tupik,RU,2020-07-02 21:03:44,54.43,119.93,58.62,85,5,2.48
366,Zhanaozen,KZ,2020-07-02 21:03:45,43.3,52.8,77.76,17,75,9.4
367,Lenger,KZ,2020-07-02 21:03:45,42.18,69.88,60.8,55,0,4.47
368,Ust-Kuyga,RU,2020-07-02 21:03:45,70.02,135.6,53.19,56,0,21.74
369,Ferkessedougou,CI,2020-07-02 21:03:46,9.6,-5.2,79.93,65,11,4.47
370,Gandhidham,IN,2020-07-02 21:03:46,23.08,70.13,87.6,71,57,16.13
371,East London,ZA,2020-07-02 21:03:46,-33.02,27.91,64.44,63,0,19.62
372,Portree,GB,2020-07-02 21:03:46,57.41,-6.19,50.0,76,100,1.99
373,Nishihara,JP,2020-07-02 21:03:47,26.18,127.76,80.6,88,75,6.93
374,Gambela,ET,2020-07-02 21:03:47,8.25,34.58,69.04,85,100,3.74
375,Point Fortin,TT,2020-07-02 21:02:51,10.18,-61.68,82.0,85,91,13.82
376,Kambam,ID,2020-07-02 21:03:48,5.25,96.86,78.51,83,85,5.1
377,La Cruz,MX,2020-07-02 21:03:48,23.92,-106.9,91.99,64,44,10.0
378,Baeza,ES,2020-07-02 21:02:51,37.99,-3.47,84.0,30,0,5.01
379,Shizunai,JP,2020-07-02 21:03:49,42.33,142.37,61.14,92,67,1.95
380,Vila Velha,BR,2020-07-02 21:03:49,-20.33,-40.29,73.4,69,40,8.05
381,Murchison,NZ,2020-07-02 21:03:49,-41.8,172.33,36.48,78,0,0.29
382,Nicoya,CR,2020-07-02 21:00:10,10.15,-85.45,87.8,58,75,6.93
383,Ornskoldsvik,SE,2020-07-02 21:03:50,63.29,18.72,48.2,81,100,5.82
384,Mount Isa,AU,2020-07-02 21:03:50,-20.73,139.5,64.4,45,0,10.29
385,Tasiilaq,GL,2020-07-02 21:03:50,65.61,-37.64,55.4,37,0,4.7
386,Sangmelima,CM,2020-07-02 21:03:51,2.93,11.98,68.52,97,100,1.77
387,Yerbogachen,RU,2020-07-02 21:03:51,61.28,108.01,60.71,70,100,3.78
388,Moose Factory,CA,2020-07-02 21:03:51,51.26,-80.61,75.2,53,1,13.87
389,Mehran,IR,2020-07-02 21:03:52,33.12,46.16,75.2,25,0,4.7
390,Buraydah,SA,2020-07-02 21:03:52,26.33,43.98,98.6,19,0,13.87
391,Byron Bay,AU,2020-07-02 21:02:11,-28.65,153.62,55.99,100,75,8.28
392,Calmar,CA,2020-07-02 21:03:52,53.27,-113.82,62.01,77,75,9.17
393,Lesnyye Polyany,RU,2020-07-02 21:03:53,55.97,37.87,68.0,88,100,4.47
394,Drumheller,CA,2020-07-02 21:03:53,51.46,-112.71,73.0,52,89,9.46
395,San Patricio,MX,2020-07-02 21:03:53,19.22,-104.7,89.6,66,75,11.41
396,Sokoni,TZ,2020-07-02 21:03:53,-6.43,39.55,77.0,65,20,10.29
397,Caohai,CN,2020-07-02 21:03:54,26.87,104.28,55.44,91,92,0.83
398,Saint-Denis,FR,2020-07-02 21:03:54,48.92,2.33,66.0,59,4,3.36
399,Morro Bay,US,2020-07-02 21:03:55,35.37,-120.85,70.0,80,33,11.01
400,Tucuma,BR,2020-07-02 21:03:16,-0.18,-50.05,79.66,86,17,5.59
401,Tucuman,AR,2020-07-02 20:59:57,-26.82,-65.22,60.8,48,20,9.17
402,Adiake,CI,2020-07-02 21:01:05,5.29,-3.3,78.8,88,75,5.82
403,Agadez,NE,2020-07-02 21:03:56,19.75,10.25,92.03,10,0,10.04
404,Teguldet,RU,2020-07-02 21:03:56,57.31,88.17,66.24,96,10,4.38
405,Santa Isabel,BR,2020-07-02 21:01:26,-23.32,-46.22,69.8,37,36,5.82
406,Quang Ngai,VN,2020-07-02 21:03:57,15.12,108.8,77.36,83,100,5.1
407,Sa Kaeo,TH,2020-07-02 21:03:57,13.81,102.07,76.35,92,100,5.12
408,Wegrow,PL,2020-07-02 21:03:57,52.4,22.02,70.0,82,100,4.27
409,Isangel,VU,2020-07-02 21:03:58,-19.55,169.27,69.64,65,80,15.28
410,Mahibadhoo,MV,2020-07-02 21:03:58,3.78,72.97,83.95,70,74,4.9
411,Madras,IN,2020-07-02 21:03:19,13.09,80.28,82.4,74,75,6.93
412,Corinto,GR,2020-07-02 21:03:59,37.94,22.96,81.0,37,0,1.01
413,Marathon,US,2020-07-02 21:03:59,44.9,-89.77,87.8,45,75,4.92
414,Saldanha,ZA,2020-07-02 21:03:47,-33.01,17.94,53.6,87,4,5.75
415,Ostrovnoy,RU,2020-07-02 21:03:59,68.05,39.51,56.08,69,44,11.99
416,Lavrentiya,RU,2020-07-02 21:04:00,65.58,-171.0,43.3,96,100,7.9
417,Eenhana,NA,2020-07-02 21:04:00,-17.47,16.33,62.6,36,0,4.7
418,Frankfort,ZA,2020-07-02 21:04:00,-27.27,28.48,45.72,55,0,4.76
419,Sistranda,NO,2020-07-02 21:04:01,63.73,8.83,50.0,71,75,3.36
420,Perevoz,RU,2020-07-02 21:04:01,55.6,44.54,61.23,90,29,6.06
421,Kirkwood,US,2020-07-02 21:04:01,38.58,-90.41,90.0,58,75,10.29
422,Nevsehir,TR,2020-07-02 21:04:02,38.92,34.67,73.4,49,0,6.93
423,Moron,AR,2020-07-02 21:04:02,-34.65,-58.62,51.01,77,38,1.99
424,Rawson,AR,2020-07-02 21:04:03,-43.3,-65.1,48.88,60,99,6.2
425,Oistins,BB,2020-07-02 21:02:23,13.07,-59.53,86.0,66,40,21.92
426,Poronaysk,RU,2020-07-02 21:04:03,49.22,143.12,51.66,80,0,2.06
427,Nemuro,JP,2020-07-02 21:04:04,43.32,145.57,54.18,93,95,7.81
428,Uvinza,TZ,2020-07-02 21:04:04,-5.1,30.39,65.77,72,0,2.3
429,Ahipara,NZ,2020-07-02 21:04:04,-35.17,173.17,51.71,69,5,3.87
430,Rudsar,IR,2020-07-02 21:04:04,37.14,50.29,73.4,73,40,2.24
431,Viedma,AR,2020-07-02 21:03:22,-40.81,-63.0,46.38,72,0,6.04
432,Ornes,NO,2020-07-02 21:04:05,66.87,13.71,48.2,76,20,3.36
433,Channel-Port Aux Basques,CA,2020-07-02 21:04:05,47.57,-59.14,62.47,83,66,13.98
434,San Andres Del Rabanedo,ES,2020-07-02 21:04:06,42.61,-5.62,57.2,62,5,9.17
435,Keetmanshoop,NA,2020-07-02 21:04:06,-26.58,18.13,57.2,24,0,3.36
436,Zhangye,CN,2020-07-02 21:04:06,38.93,100.45,72.73,32,99,5.46
437,Pimentel,PE,2020-07-02 21:04:07,-6.84,-79.93,69.8,60,62,18.34
438,Kamarion,GR,2020-07-02 21:04:07,36.8,25.82,80.01,66,0,3.0
439,Coos Bay,US,2020-07-02 21:04:08,43.37,-124.22,77.0,59,1,18.34
440,Kruisfontein,ZA,2020-07-02 21:04:08,-34.0,24.73,55.8,80,13,14.45
441,Loandjili,CG,2020-07-02 21:04:08,-4.76,11.86,77.0,88,75,5.82
442,Vestmannaeyjar,IS,2020-07-02 21:04:08,63.44,-20.27,51.8,78,1,22.28
443,Vila Do Maio,CV,2020-07-02 21:04:09,15.13,-23.22,78.8,74,75,11.41
444,Mehamn,NO,2020-07-02 21:04:09,71.04,27.85,42.8,87,75,12.75
445,Leigh,GB,2020-07-02 21:04:09,53.48,-2.52,57.99,75,63,1.01
446,Vilyuysk,RU,2020-07-02 21:04:09,63.76,121.62,61.47,57,83,10.2
447,Lumding,IN,2020-07-02 21:04:10,25.75,93.17,75.54,95,100,1.86
448,Superior,US,2020-07-02 21:04:10,46.72,-92.1,91.99,49,1,6.93
449,Killybegs,IE,2020-07-02 21:04:10,54.63,-8.45,53.6,81,90,5.82
450,Porto Walter,BR,2020-07-02 21:01:04,-8.27,-72.74,85.08,61,100,1.03
451,Pacific Grove,US,2020-07-02 21:04:11,36.62,-121.92,71.01,60,40,12.75
452,Salinopolis,BR,2020-07-02 21:04:11,-0.61,-47.36,81.0,80,83,8.88
453,Guasdualito,VE,2020-07-02 21:04:11,7.24,-70.73,82.4,78,75,3.36
454,Tuatapere,NZ,2020-07-02 21:04:12,-46.13,167.68,36.46,82,27,4.18
455,Henties Bay,NA,2020-07-02 21:04:12,-22.12,14.28,64.92,43,0,7.31
456,Inzhavino,RU,2020-07-02 21:04:12,52.32,42.49,63.45,82,0,1.1
457,Vorukh,TJ,2020-07-02 21:04:13,39.85,70.58,63.0,32,0,6.35
458,Chumikan,RU,2020-07-02 21:04:13,54.72,135.31,61.77,70,33,20.58
459,Sitka,US,2020-07-02 21:04:13,57.05,-135.33,73.4,35,40,13.87
460,Guerrero Negro,MX,2020-07-02 21:04:13,27.98,-114.06,83.35,39,0,13.76
461,Warren,US,2020-07-02 21:04:14,39.43,-84.17,89.6,43,1,6.93
462,Manta,EC,2020-07-02 21:04:14,-0.95,-80.73,77.0,78,90,11.41
463,Bintulu,MY,2020-07-02 21:02:45,3.17,113.03,77.0,88,20,3.36
464,Ixtapa,MX,2020-07-02 21:03:06,20.7,-105.2,88.0,66,75,10.29
465,Belaya Gora,RU,2020-07-02 21:04:15,68.53,146.42,47.08,63,99,12.97
466,Komoro,JP,2020-07-02 21:04:15,36.32,138.43,59.0,99,100,1.95
467,Mugumu,TZ,2020-07-02 21:04:16,-1.85,34.7,66.69,68,100,1.97
468,Waw,SS,2020-07-02 21:04:16,7.7,28.0,70.9,91,97,3.87
469,Norman Wells,CA,2020-07-02 21:04:16,65.28,-126.83,48.2,93,90,17.22
470,Shieli,KZ,2020-07-02 21:04:16,44.17,66.75,60.37,51,0,6.2
471,San Policarpo,PH,2020-07-02 21:04:17,12.18,125.51,81.25,78,3,2.89
472,Najran,SA,2020-07-02 21:04:17,17.49,44.13,87.8,23,90,3.36
473,Grand-Bourg,GP,2020-07-02 21:04:17,15.88,-61.31,86.0,70,75,10.29
474,Ust-Ishim,RU,2020-07-02 21:04:18,57.69,71.17,54.61,91,52,4.7
475,Baracoa,CU,2020-07-02 21:04:18,20.35,-74.5,84.29,73,100,6.15
476,Doka,SD,2020-07-02 21:04:18,13.52,35.77,77.34,74,89,15.64
477,San Francisco Del Mar,MX,2020-07-02 21:04:18,16.23,-94.65,85.33,69,92,8.88
478,Roma,US,2020-07-02 21:03:05,43.21,-75.46,89.6,40,20,14.99
479,Anadyr,RU,2020-07-02 21:04:19,64.75,177.48,48.2,70,0,15.66
480,Caraquet,CA,2020-07-02 21:00:29,47.79,-64.94,62.01,93,90,8.05
481,Qaqortoq,GL,2020-07-02 21:04:20,60.72,-46.03,55.4,43,75,4.7
482,Limulunga,ZM,2020-07-02 21:04:20,-15.1,23.14,56.01,44,0,5.99
483,Maceio,BR,2020-07-02 21:01:41,-9.67,-35.74,78.8,69,20,9.17
484,Saint Anthony,US,2020-07-02 21:04:20,45.02,-93.22,91.99,43,1,10.29
485,Eyrarbakki,IS,2020-07-02 21:04:21,63.86,-21.15,57.2,58,40,11.41
486,Shache,CN,2020-07-02 21:04:21,38.42,77.24,73.8,20,30,4.14
487,Okhotsk,RU,2020-07-02 21:04:21,59.38,143.3,52.56,88,98,5.88
488,Saint-Augustin,CA,2020-07-02 21:04:22,51.23,-58.65,54.16,69,84,9.37
489,Male,MV,2020-07-02 21:02:59,4.17,73.51,82.4,83,75,4.7
490,Karoi,ZW,2020-07-02 21:04:22,-16.81,29.69,51.17,81,0,3.15
491,Lakinsk,RU,2020-07-02 21:04:22,56.02,39.95,63.55,89,100,3.51
492,Cedar City,US,2020-07-02 21:00:19,37.68,-113.06,84.2,11,1,24.16
493,Roverud,NO,2020-07-02 21:04:23,60.25,12.05,50.0,64,48,1.01
494,Kenai,US,2020-07-02 21:04:23,60.55,-151.26,64.4,59,1,5.82
495,Andenes,NO,2020-07-02 21:03:03,69.31,16.12,46.4,81,75,11.41
496,Ust-Maya,RU,2020-07-02 21:04:24,60.42,134.53,58.64,88,78,5.32
497,Gorin,RU,2020-07-02 21:04:24,51.2,136.67,56.3,75,3,6.13
498,Faya,SA,2020-07-02 21:04:25,18.39,42.45,71.6,46,20,4.7
499,Shakawe,BW,2020-07-02 21:04:25,-18.37,21.85,53.38,43,0,4.29
500,Vila Franca Do Campo,PT,2020-07-02 21:04:25,37.72,-25.43,72.0,72,20,4.7
501,Stege,DK,2020-07-02 21:04:26,54.99,12.28,63.0,72,53,3.36
502,Kataysk,RU,2020-07-02 21:04:26,56.29,62.58,50.54,81,3,3.18
503,Nouakchott,MR,2020-07-02 21:00:27,18.09,-15.98,77.0,78,40,14.99
504,Destin,US,2020-07-02 21:04:26,30.39,-86.5,89.6,74,1,9.17
505,Kendari,ID,2020-07-02 21:04:27,-3.94,122.5,73.53,91,100,3.56
506,Kinel-Cherkassy,RU,2020-07-02 21:04:27,53.47,51.47,60.84,86,9,1.36
507,Hastings,GB,2020-07-02 21:04:27,50.86,0.57,60.01,88,0,4.0
508,Vitim,RU,2020-07-02 21:04:27,59.45,112.56,63.79,62,71,3.2
509,Mandera,KE,2020-07-02 21:04:28,3.94,41.87,80.56,50,48,21.16
510,Antofagasta,CL,2020-07-02 21:00:35,-23.65,-70.4,60.8,67,20,10.29
511,Kang,BW,2020-07-02 21:04:29,-23.68,22.79,51.98,44,0,4.03
512,Zalantun,CN,2020-07-02 21:04:29,48.0,122.72,65.05,67,1,4.09
513,Inuvik,CA,2020-07-02 21:04:29,68.35,-133.72,44.6,93,90,11.41
514,Gotsu,JP,2020-07-02 21:04:29,35.0,132.22,67.08,81,100,5.61
515,Rafai,CF,2020-07-02 21:04:30,4.95,23.92,69.31,92,68,0.45
516,Muli,MV,2020-07-02 21:04:30,2.92,73.57,84.09,66,93,3.8
517,Bouna,CI,2020-07-02 21:04:30,9.27,-3.0,77.43,78,77,6.08
518,Touho,NC,2020-07-02 21:04:31,-20.78,165.23,67.75,70,90,14.85
519,Winslow,US,2020-07-02 21:04:31,35.02,-110.7,87.8,20,75,9.06
520,Bafra,TR,2020-07-02 21:04:31,41.57,35.91,69.8,88,0,5.23
521,Sur,OM,2020-07-02 21:04:31,22.57,59.53,85.37,77,0,3.53
522,North Branch,US,2020-07-02 21:04:32,45.51,-92.98,91.0,53,5,2.1
523,Ganzhou,CN,2020-07-02 21:04:32,28.82,115.43,76.93,94,100,3.44
524,Cuamba,MZ,2020-07-02 21:02:04,-14.8,36.54,58.17,84,48,4.34
525,Peace River,CA,2020-07-02 21:00:16,56.25,-117.29,59.0,77,75,8.05
526,Swan Hill,AU,2020-07-02 21:04:33,-35.34,143.55,40.89,92,0,7.25
527,Thinadhoo,MV,2020-07-02 21:04:33,0.53,72.93,84.22,66,90,4.65
528,Marzuq,YE,2020-07-02 21:04:34,14.4,46.47,83.71,45,92,4.05
529,San Carlos De Bariloche,AR,2020-07-02 21:01:36,-41.15,-71.31,42.8,75,40,26.4
530,Bonavista,CA,2020-07-02 21:04:34,48.65,-53.11,51.01,78,99,4.0
531,Polovinnoye,RU,2020-07-02 21:04:34,54.79,65.99,54.48,86,93,9.98
532,Bairiki,KI,2020-07-02 21:04:35,1.33,172.98,80.6,83,40,2.24
533,Itaituba,BR,2020-07-02 21:04:35,-4.28,-55.98,89.6,59,40,13.87
534,Nouadhibou,MR,2020-07-02 21:04:35,20.93,-17.03,69.8,83,0,14.99
535,Linqing,CN,2020-07-02 21:04:36,36.85,115.71,70.84,92,76,5.91
536,Namibe,AO,2020-07-02 21:04:36,-15.2,12.15,68.04,69,0,4.07
537,Arrecife,ES,2020-07-02 21:02:02,28.96,-13.55,71.6,78,20,25.28
538,Kilindoni,TZ,2020-07-02 21:04:36,-7.91,39.67,77.5,75,4,15.82
539,Mandurah,AU,2020-07-02 21:04:37,-32.55,115.7,53.01,99,0,10.36
540,Kobryn,BY,2020-07-02 21:04:37,52.21,24.36,65.75,79,100,4.85
541,Oildale,US,2020-07-02 21:01:52,35.42,-119.02,93.99,19,1,9.17
542,Marawi,PH,2020-07-02 21:04:37,8.0,124.29,75.0,93,30,3.0
543,Zaranj,AF,2020-07-02 21:04:38,30.97,61.88,91.4,18,0,28.86
544,Naze,JP,2020-07-02 21:04:38,28.37,129.48,77.0,94,100,5.82
545,Talcahuano,CL,2020-07-02 21:04:38,-36.72,-73.12,50.0,93,40,5.82
546,Cabedelo,BR,2020-07-02 21:00:05,-6.98,-34.83,78.8,83,40,11.41
547,Port Augusta,AU,2020-07-02 21:04:39,-32.5,137.77,46.99,93,5,8.05
548,Pavlodar,KZ,2020-07-02 21:04:39,52.3,76.95,62.6,67,2,4.47
549,Bogorodskoye,RU,2020-07-02 21:04:40,56.55,37.88,61.56,96,100,6.6
550,Nueve De Julio,AR,2020-07-02 21:04:40,-35.44,-60.88,54.0,68,0,1.99
551,Gizo,SB,2020-07-02 21:04:40,-8.1,156.84,81.16,80,96,18.59
552,Ranong,TH,2020-07-02 21:04:41,9.97,98.63,81.12,82,100,8.61
553,Natal,BR,2020-07-02 21:03:26,-5.79,-35.21,78.8,83,75,9.17
554,Impfondo,CG,2020-07-02 21:04:41,1.64,18.07,75.16,79,14,1.16
555,Smithers,CA,2020-07-02 21:00:07,54.78,-127.17,60.8,77,90,8.05
556,Zhezkazgan,KZ,2020-07-02 21:04:42,47.8,67.71,59.23,70,45,17.96
557,Dori,BF,2020-07-02 21:04:42,14.04,-0.03,98.91,25,59,4.97
558,Ambulu,ID,2020-07-02 21:04:43,-8.35,113.61,72.75,87,49,4.9
559,Lanzhou,CN,2020-07-02 21:04:43,36.06,103.79,75.0,42,100,1.83
560,Tura,IN,2020-07-02 21:04:43,25.52,90.22,74.79,98,100,6.13
561,Broome,US,2020-07-02 21:04:43,42.25,-75.83,84.99,45,20,12.75
562,Mizdah,LY,2020-07-02 21:04:44,31.45,12.98,82.22,22,0,7.05
563,Egvekinot,RU,2020-07-02 21:04:44,66.32,-179.17,41.5,95,97,5.86
564,Crotone,IT,2020-07-02 21:00:36,39.09,17.12,78.82,64,0,5.26
565,Necochea,AR,2020-07-02 21:04:45,-38.55,-58.74,46.99,90,89,1.99
566,Veraval,IN,2020-07-02 21:04:45,20.9,70.37,85.96,77,64,10.94
567,Tabou,CI,2020-07-02 21:04:45,4.42,-7.35,76.46,82,76,9.89
568,Cooma,AU,2020-07-02 21:04:46,-36.23,149.13,35.6,69,40,8.05
569,Kungurtug,RU,2020-07-02 21:04:46,50.6,97.52,52.88,79,56,2.01
570,Le Vauclin,MQ,2020-07-02 21:04:46,14.55,-60.84,86.0,70,75,19.46
571,Mgandu,TZ,2020-07-02 21:04:46,-5.95,34.13,60.53,66,38,11.14
572,Tainan,TW,2020-07-02 21:01:09,22.99,120.21,77.0,88,75,5.82
573,Mocuba,MZ,2020-07-02 21:04:47,-16.84,36.99,60.76,95,12,1.7
574,Kalianget,ID,2020-07-02 21:04:47,-7.05,113.93,78.49,82,99,9.35
575,Divnomorskoye,RU,2020-07-02 21:04:48,44.5,38.14,78.08,50,0,9.75
576,Snezhnogorsk,RU,2020-07-02 21:04:48,69.19,33.25,55.4,54,0,4.47
577,Asau,RO,2020-07-02 21:04:48,46.43,26.4,68.0,82,1,4.34
578,Bay City,US,2020-07-02 21:02:28,43.59,-83.89,91.99,27,1,8.05
579,Prado,BR,2020-07-02 21:04:49,-17.34,-39.22,73.49,88,41,4.94
580,Atasu,KZ,2020-07-02 21:04:49,48.68,71.64,60.08,81,50,4.05
581,Dicabisagan,PH,2020-07-02 21:04:50,17.08,122.42,78.33,79,42,3.13
582,Leninskoye,RU,2020-07-02 21:04:50,47.94,132.62,58.93,85,0,4.52
583,Itoman,JP,2020-07-02 21:04:50,26.12,127.67,80.6,94,75,6.93
584,Linguere,SN,2020-07-02 21:04:50,15.4,-15.12,89.01,44,33,11.1
585,Zhigansk,RU,2020-07-02 21:04:51,66.77,123.37,57.38,73,85,19.17
586,Sioux Lookout,CA,2020-07-02 21:04:51,50.1,-91.92,86.0,37,20,4.7
587,Bima,ID,2020-07-02 21:04:51,-8.47,118.72,70.65,89,5,3.89
588,Wakkanai,JP,2020-07-02 21:04:52,45.41,141.67,56.77,80,1,9.28
589,Miracema Do Tocantins,BR,2020-07-02 21:04:52,-9.56,-48.4,89.01,31,62,2.17
590,Miguel Hidalgo,MX,2020-07-02 21:04:52,19.42,-99.2,78.8,26,75,6.93
591,Caconda,AO,2020-07-02 21:04:53,-13.73,15.07,56.3,46,2,4.36
592,Wyndham,US,2020-07-02 21:04:53,37.7,-77.61,90.0,45,20,5.97
593,Kampot,KH,2020-07-02 21:04:53,10.62,104.18,78.8,88,75,5.82
